country,phrase,Euc,Cosine
Afghanistan,investment,242.4512481689453,0.6238045692443848
Afghanistan,debt,241.5335235595703,0.6152939200401306
Afghanistan,win,245.73204040527344,0.6543140411376953
Afghanistan,loose,251.18545532226562,0.7043225169181824
Albania,investment,219.09353637695312,0.5756961703300476
Albania,debt,220.22947692871094,0.5859793424606323
Albania,win,213.9389190673828,0.5297090411186218
Albania,loose,221.276123046875,0.5952796936035156
Algeria,investment,91.5035400390625,0.4110082983970642
Algeria,debt,90.21902465820312,0.40294939279556274
Algeria,win,83.58841705322266,0.34244346618652344
Algeria,loose,77.07178497314453,0.28608274459838867
Andorre,investment,207.7007293701172,0.5226547718048096
Andorre,debt,210.16339111328125,0.5441396236419678
Andorre,win,196.1804656982422,0.4244071841239929
Andorre,loose,195.60816955566406,0.42233580350875854
Angola,investment,90.52819061279297,0.4064455032348633
Angola,debt,84.6603012084961,0.3585566282272339
Angola,win,80.5350341796875,0.3211650848388672
Angola,loose,70.2453842163086,0.23995232582092285
Anguilla,investment,224.3201446533203,0.6203271150588989
Anguilla,debt,225.80418395996094,0.6345013380050659
Anguilla,win,213.2612762451172,0.5206976532936096
Anguilla,loose,224.51522827148438,0.6213785409927368
Antigua and Barbuda,investment,99.23336791992188,0.5478767156600952
Antigua and Barbuda,debt,99.51453399658203,0.5570962429046631
Antigua and Barbuda,win,93.33240509033203,0.482816219329834
Antigua and Barbuda,loose,99.61653137207031,0.5388879776000977
Argentina,investment,91.51931762695312,0.4169652462005615
Argentina,debt,87.52130126953125,0.3846917748451233
Argentina,win,95.65311431884766,0.45477092266082764
Argentina,loose,90.25035858154297,0.397571325302124
Armenia,investment,151.0595703125,0.5667851567268372
Armenia,debt,156.1114501953125,0.6158604621887207
Armenia,win,138.98101806640625,0.4603326916694641
Armenia,loose,142.55197143554688,0.4889404773712158
Aruba,investment,149.16737365722656,0.5210095643997192
Aruba,debt,147.25250244140625,0.5050438046455383
Aruba,win,139.44363403320312,0.437774121761322
Aruba,loose,147.59719848632812,0.5051447153091431
Australia,investment,93.72532653808594,0.4397737979888916
Australia,debt,88.1854248046875,0.3928043246269226
Australia,win,90.45883178710938,0.4090040922164917
Australia,loose,87.57018280029297,0.3763006925582886
Austria,investment,92.5205307006836,0.42009055614471436
Austria,debt,92.4386215209961,0.4229249954223633
Austria,win,75.36564636230469,0.278292715549469
Austria,loose,45.98749542236328,0.101826012134552
Azerbaijan,investment,298.6841735839844,0.7241320013999939
Azerbaijan,debt,296.99945068359375,0.7082456350326538
Azerbaijan,win,291.03955078125,0.6516333818435669
Azerbaijan,loose,304.27557373046875,0.7763861417770386
Bahamas,investment,148.48977661132812,0.4920641779899597
Bahamas,debt,149.2736358642578,0.4995623826980591
Bahamas,win,150.05287170410156,0.5054947733879089
Bahamas,loose,152.0667266845703,0.5211836099624634
Bahrain,investment,160.29734802246094,0.6166505813598633
Bahrain,debt,160.69735717773438,0.622312605381012
Bahrain,win,153.44845581054688,0.5530434250831604
Bahrain,loose,153.21412658691406,0.5483134984970093
Bangladesh,investment,228.18896484375,0.5678093433380127
Bangladesh,debt,229.966796875,0.5837016105651855
Bangladesh,win,217.51205444335938,0.4740191698074341
Bangladesh,loose,236.29354858398438,0.6413602232933044
Barbados,investment,215.78138732910156,0.51938796043396
Barbados,debt,212.5627899169922,0.4903954863548279
Barbados,win,217.285888671875,0.5327489972114563
Barbados,loose,216.84649658203125,0.5299012660980225
Belarus,investment,213.66534423828125,0.5930670499801636
Belarus,debt,215.8628692626953,0.6135790348052979
Belarus,win,203.32496643066406,0.5010929107666016
Belarus,loose,211.82765197753906,0.5762016773223877
Belgium,investment,95.2676773071289,0.45015430450439453
Belgium,debt,88.43606567382812,0.3912935256958008
Belgium,win,84.90534973144531,0.35699641704559326
Belgium,loose,74.098876953125,0.26703107357025146
Belize,investment,147.8865509033203,0.46921348571777344
Belize,debt,150.27264404296875,0.49015384912490845
Belize,win,139.9995574951172,0.40417683124542236
Belize,loose,150.3873748779297,0.4892364740371704
Benin,investment,151.5682373046875,0.5220537781715393
Benin,debt,148.59523010253906,0.4967353343963623
Benin,win,133.67787170410156,0.3733404874801636
Benin,loose,138.02340698242188,0.40773749351501465
Bhutan,investment,159.73519897460938,0.5762503147125244
Bhutan,debt,156.74623107910156,0.5501834154129028
Bhutan,win,146.39308166503906,0.458914577960968
Bhutan,loose,149.9821319580078,0.48815810680389404
Bolivia,investment,155.8092803955078,0.49793970584869385
Bolivia,debt,150.9280242919922,0.45644861459732056
Bolivia,win,159.67755126953125,0.5316969752311707
Bolivia,loose,156.70191955566406,0.5043870210647583
Bosnia and Herzegovina,investment,106.07395935058594,0.6685705780982971
Bosnia and Herzegovina,debt,105.49954986572266,0.6690521240234375
Bosnia and Herzegovina,win,97.25630950927734,0.5573912262916565
Bosnia and Herzegovina,loose,103.35084533691406,0.6168501973152161
Botswana,investment,219.43746948242188,0.5452390909194946
Botswana,debt,219.6459197998047,0.5466686487197876
Botswana,win,214.5521697998047,0.5023455619812012
Botswana,loose,219.337646484375,0.5452066659927368
Brazil,investment,96.67530822753906,0.4674099087715149
Brazil,debt,86.470947265625,0.37727975845336914
Brazil,win,89.59465026855469,0.4008139967918396
Brazil,loose,92.35820007324219,0.4181925058364868
Brunei Darussalam,investment,112.11310577392578,0.7397177219390869
Brunei Darussalam,debt,115.74588775634766,0.7985168695449829
Brunei Darussalam,win,111.33251953125,0.7277311086654663
Brunei Darussalam,loose,115.7763671875,0.7707000970840454
Bulgaria,investment,155.07958984375,0.5263873338699341
Bulgaria,debt,149.0753173828125,0.47466135025024414
Bulgaria,win,153.5250701904297,0.51256263256073
Bulgaria,loose,151.24453735351562,0.49150896072387695
Burkina Faso,investment,107.64772033691406,0.7344290018081665
Burkina Faso,debt,105.28900146484375,0.7099965810775757
Burkina Faso,win,100.26657104492188,0.6296639442443848
Burkina Faso,loose,105.95501708984375,0.6895906925201416
Burundi,investment,160.38490295410156,0.5762350559234619
Burundi,debt,157.95977783203125,0.5552846193313599
Burundi,win,143.46224975585938,0.42925262451171875
Burundi,loose,144.6930694580078,0.43904948234558105
Cambodia,investment,236.50946044921875,0.6681255102157593
Cambodia,debt,235.9434814453125,0.6633355617523193
Cambodia,win,221.97874450683594,0.535173773765564
Cambodia,loose,232.1352081298828,0.6265822649002075
Cameroon,investment,205.76409912109375,0.5907340049743652
Cameroon,debt,206.25970458984375,0.595596194267273
Cameroon,win,192.187744140625,0.47113436460494995
Cameroon,loose,200.24171447753906,0.541243314743042
Canada,investment,94.6277084350586,0.44315606355667114
Canada,debt,92.77657318115234,0.42969590425491333
Canada,win,89.29570007324219,0.39401036500930786
Canada,loose,81.08042907714844,0.319077730178833
Cape Verde,investment,113.00283813476562,0.6360336542129517
Cape Verde,debt,110.88157653808594,0.6178158521652222
Cape Verde,win,111.80329132080078,0.6216264367103577
Cape Verde,loose,112.47532653808594,0.6178878545761108
Central African Republic,investment,112.45897674560547,0.6258075833320618
Central African Republic,debt,107.3540267944336,0.5752805471420288
Central African Republic,win,116.81588745117188,0.6741918325424194
Central African Republic,loose,117.85409545898438,0.6741049885749817
Chad,investment,97.78414916992188,0.474420428276062
Chad,debt,101.69979858398438,0.5176911354064941
Chad,win,83.3189468383789,0.34390324354171753
Chad,loose,83.56781768798828,0.3397790789604187
Channel Islands,investment,102.77002716064453,0.5244964957237244
Channel Islands,debt,103.94129943847656,0.5412508249282837
Channel Islands,win,104.33453369140625,0.5397452116012573
Channel Islands,loose,108.78817749023438,0.5763715505599976
Chile,investment,89.52336883544922,0.39595913887023926
Chile,debt,88.61856079101562,0.3913491368293762
Chile,win,85.47935485839844,0.3604373335838318
Chile,loose,68.71443176269531,0.22878897190093994
China,investment,91.38719177246094,0.41052091121673584
China,debt,85.89363861083984,0.3657205104827881
China,win,87.59934997558594,0.37661653757095337
China,loose,86.66185760498047,0.362177312374115
"China, Macao Special Administrative Region ",investment,108.8901138305664,0.594842255115509
"China, Macao Special Administrative Region ",debt,103.79293060302734,0.5453113317489624
"China, Macao Special Administrative Region ",win,111.89401245117188,0.6271193027496338
"China, Macao Special Administrative Region ",loose,114.47399139404297,0.6445308923721313
Colombia,investment,93.27664184570312,0.4294164180755615
Colombia,debt,89.89836120605469,0.402313768863678
Colombia,win,83.88859558105469,0.3467870354652405
Colombia,loose,68.7359390258789,0.22871088981628418
Comoros,investment,207.12989807128906,0.5143197774887085
Comoros,debt,203.118408203125,0.47866201400756836
Comoros,win,196.48849487304688,0.42380785942077637
Comoros,loose,201.46812438964844,0.4674849510192871
Congo,investment,150.82485961914062,0.5024052858352661
Congo,debt,148.64720153808594,0.4841254949569702
Congo,win,144.73297119140625,0.4504232406616211
Congo,loose,145.56727600097656,0.4566631317138672
"Congo, the Democratic Republic of the ",investment,114.33779907226562,0.7446489930152893
"Congo, the Democratic Republic of the ",debt,109.88368225097656,0.6944668889045715
"Congo, the Democratic Republic of the ",win,117.85160064697266,0.7903056740760803
"Congo, the Democratic Republic of the ",loose,118.15750122070312,0.7774800062179565
Costa Rica,investment,114.46979522705078,0.6591224670410156
Costa Rica,debt,105.66919708251953,0.5667358040809631
Costa Rica,win,108.58889770507812,0.5921887159347534
Costa Rica,loose,113.71177673339844,0.6376188397407532
Côte d'Ivoire,investment,105.33680725097656,0.655280351638794
Côte d'Ivoire,debt,100.89924621582031,0.6068971157073975
Côte d'Ivoire,win,99.25342559814453,0.57830411195755
Côte d'Ivoire,loose,102.97966766357422,0.6089997291564941
Croatia,investment,219.00241088867188,0.603071928024292
Croatia,debt,219.18540954589844,0.6049536466598511
Croatia,win,214.11328125,0.5587704181671143
Croatia,loose,223.6793975830078,0.6450749039649963
Cuba,investment,149.16639709472656,0.49709171056747437
Cuba,debt,146.3029022216797,0.47297513484954834
Cuba,win,136.96913146972656,0.3957013487815857
Cuba,loose,142.6325225830078,0.44111156463623047
Cyprus,investment,228.23919677734375,0.586090087890625
Cyprus,debt,227.15188598632812,0.5759913921356201
Cyprus,win,228.99147033691406,0.5929538011550903
Cyprus,loose,229.69284057617188,0.5993008017539978
Czech Republic,investment,105.59282684326172,0.5564467906951904
Czech Republic,debt,100.21483612060547,0.505666971206665
Czech Republic,win,109.89958190917969,0.601815938949585
Czech Republic,loose,109.93218994140625,0.5913783311843872
Denmark,investment,92.02932739257812,0.41774606704711914
Denmark,debt,88.62804412841797,0.3907685875892639
Denmark,win,83.75981140136719,0.3455066680908203
Denmark,loose,65.68630981445312,0.20874100923538208
Djibouti,investment,224.2649688720703,0.6120563745498657
Djibouti,debt,223.07887268066406,0.6012606024742126
Djibouti,win,221.124267578125,0.5833437442779541
Djibouti,loose,223.60772705078125,0.6055983901023865
Dominica,investment,154.05392456054688,0.5381324291229248
Dominica,debt,152.1139373779297,0.521795392036438
Dominica,win,142.30978393554688,0.4371185898780823
Dominica,loose,146.06980895996094,0.4675378203392029
Dominican Republic,investment,104.3388900756836,0.6145141124725342
Dominican Republic,debt,101.7452621459961,0.5903944969177246
Dominican Republic,win,104.24063873291016,0.6121410131454468
Dominican Republic,loose,107.7035140991211,0.6397980451583862
Ecuador,investment,91.95956420898438,0.41862577199935913
Ecuador,debt,85.6925048828125,0.3666595220565796
Ecuador,win,90.96054077148438,0.4089471101760864
Ecuador,loose,80.12382507324219,0.31166887283325195
Egypt,investment,91.60108184814453,0.41396385431289673
Egypt,debt,87.01325225830078,0.3767423629760742
Egypt,win,83.99153900146484,0.3475029468536377
Egypt,loose,75.86524200439453,0.27852094173431396
El Salvador,investment,109.9786148071289,0.6034847497940063
El Salvador,debt,111.48712921142578,0.6256757974624634
El Salvador,win,111.1208267211914,0.6151171326637268
El Salvador,loose,116.36902618408203,0.6625277400016785
Equatorial Guinea,investment,108.18101501464844,0.6540922522544861
Equatorial Guinea,debt,103.10337829589844,0.5998817682266235
Equatorial Guinea,win,108.28196716308594,0.6540886163711548
Equatorial Guinea,loose,114.59929656982422,0.7181272506713867
Eritrea,investment,216.785888671875,0.5798856019973755
Eritrea,debt,219.2494354248047,0.6025174856185913
Eritrea,win,210.07164001464844,0.5200656056404114
Eritrea,loose,216.34225463867188,0.5758867263793945
Estonia,investment,211.05523681640625,0.5661147832870483
Estonia,debt,209.8967742919922,0.5555498600006104
Estonia,win,203.85208129882812,0.5025078058242798
Estonia,loose,205.56199645996094,0.5183015465736389
Ethiopia,investment,227.69314575195312,0.563360333442688
Ethiopia,debt,225.93328857421875,0.5470705032348633
Ethiopia,win,225.19041442871094,0.5410709381103516
Ethiopia,loose,233.6334991455078,0.6171581745147705
Fiji,investment,161.6552276611328,0.6080615520477295
Fiji,debt,162.07542419433594,0.6137234568595886
Fiji,win,143.44381713867188,0.4467703104019165
Fiji,loose,153.21714782714844,0.528689444065094
Finland,investment,90.96589660644531,0.40664470195770264
Finland,debt,87.1373519897461,0.3763021230697632
Finland,win,81.53030395507812,0.3261481523513794
Finland,loose,54.3753776550293,0.14254403114318848
France,investment,97.66764068603516,0.4750601053237915
France,debt,92.2391586303711,0.4274634122848511
France,win,82.3131103515625,0.3369026780128479
France,loose,72.77519989013672,0.2585567831993103
French Guiana,investment,111.63069152832031,0.6192591190338135
French Guiana,debt,107.12545776367188,0.5753220915794373
French Guiana,win,108.59041595458984,0.5850722789764404
French Guiana,loose,105.655029296875,0.5439997911453247
French Polynesia,investment,106.36964416503906,0.5618541240692139
French Polynesia,debt,104.24774932861328,0.5444196462631226
French Polynesia,win,103.69892120361328,0.533161997795105
French Polynesia,loose,98.56405639648438,0.47308242321014404
Gabon,investment,154.32748413085938,0.5952845215797424
Gabon,debt,153.74696350097656,0.5916101932525635
Gabon,win,149.04115295410156,0.5464306473731995
Gabon,loose,148.6622314453125,0.5402513742446899
Gambia,investment,154.23619079589844,0.5085104703903198
Gambia,debt,153.84071350097656,0.5056894421577454
Gambia,win,142.0591583251953,0.40642380714416504
Gambia,loose,149.29718017578125,0.4653278589248657
Georgia,investment,95.83421325683594,0.4576667547225952
Georgia,debt,93.82975006103516,0.4426063299179077
Georgia,win,83.66082000732422,0.3482338786125183
Georgia,loose,81.04068756103516,0.3208428621292114
Germany,investment,98.8145980834961,0.4881210923194885
Germany,debt,87.2743148803711,0.38415879011154175
Germany,win,93.15843200683594,0.4331547021865845
Germany,loose,89.15620422363281,0.38952720165252686
Ghana,investment,90.85350799560547,0.4116901159286499
Ghana,debt,85.09774017333984,0.3643767833709717
Ghana,win,88.5541000366211,0.39050042629241943
Ghana,loose,72.84569549560547,0.25941258668899536
Greece,investment,85.77631378173828,0.3605738878250122
Greece,debt,81.66617584228516,0.32957005500793457
Greece,win,80.79550170898438,0.3194214105606079
Greece,loose,56.639469146728516,0.1542680859565735
Grenada,investment,226.77378845214844,0.5633770227432251
Grenada,debt,225.9364471435547,0.5554263591766357
Grenada,win,218.25006103515625,0.48833245038986206
Grenada,loose,221.30479431152344,0.5163847208023071
Guadeloupe,investment,291.3358459472656,0.6274906396865845
Guadeloupe,debt,290.35638427734375,0.6178423166275024
Guadeloupe,win,286.0558166503906,0.5790717601776123
Guadeloupe,loose,291.6994323730469,0.6317598223686218
Guam,investment,149.15846252441406,0.47597163915634155
Guam,debt,149.97377014160156,0.4834129810333252
Guam,win,146.5482940673828,0.45388346910476685
Guam,loose,146.76214599609375,0.4550679326057434
Guatemala,investment,232.00523376464844,0.5486547350883484
Guatemala,debt,228.86358642578125,0.5199187994003296
Guatemala,win,236.61398315429688,0.5902872681617737
Guatemala,loose,239.88438415527344,0.6200695633888245
Guinea,investment,88.34862518310547,0.3805348873138428
Guinea,debt,86.65315246582031,0.3691056966781616
Guinea,win,78.7542495727539,0.30188125371932983
Guinea,loose,45.155479431152344,0.09756267070770264
Guinea-Bissau,investment,110.29328155517578,0.6036518812179565
Guinea-Bissau,debt,107.98237609863281,0.5837221145629883
Guinea-Bissau,win,103.91004943847656,0.534965991973877
Guinea-Bissau,loose,94.53147888183594,0.4348663091659546
Guyana,investment,164.61929321289062,0.5333738327026367
Guyana,debt,159.3817901611328,0.48791080713272095
Guyana,win,160.69786071777344,0.4989662170410156
Guyana,loose,164.67076110839844,0.5323207974433899
Haiti,investment,149.8245849609375,0.5794600248336792
Haiti,debt,151.86325073242188,0.6004502177238464
Haiti,win,135.93533325195312,0.45641642808914185
Haiti,loose,143.85548400878906,0.5222565531730652
Honduras,investment,223.9102020263672,0.5491071939468384
Honduras,debt,215.56607055664062,0.47485435009002686
Honduras,win,219.41928100585938,0.509548544883728
Honduras,loose,223.64144897460938,0.5476587414741516
Hong Kong,investment,106.57453918457031,0.5766180753707886
Hong Kong,debt,100.59563446044922,0.518444836139679
Hong Kong,win,112.66417694091797,0.6433746814727783
Hong Kong,loose,114.893310546875,0.656808614730835
Hungary,investment,90.85194396972656,0.4031994342803955
Hungary,debt,83.52959442138672,0.34362858533859253
Hungary,win,86.98228454589844,0.3690173625946045
Hungary,loose,64.93315124511719,0.20212143659591675
Iceland,investment,157.09634399414062,0.5142425894737244
Iceland,debt,149.73428344726562,0.4513235092163086
Iceland,win,150.12551879882812,0.45450299978256226
Iceland,loose,153.24627685546875,0.480055570602417
India,investment,94.04546356201172,0.44220882654190063
India,debt,87.81490325927734,0.38899391889572144
India,win,90.90467834472656,0.41251248121261597
India,loose,90.08259582519531,0.39772701263427734
Indonesia,investment,90.140869140625,0.40340161323547363
Indonesia,debt,88.06792449951172,0.38843125104904175
Indonesia,win,87.50994873046875,0.3796064257621765
Indonesia,loose,78.45211791992188,0.29961585998535156
"Iran, Islamic Republic of ",investment,109.17034149169922,0.5930986404418945
"Iran, Islamic Republic of ",debt,107.45646667480469,0.5797132253646851
"Iran, Islamic Republic of ",win,109.0879135131836,0.5912767052650452
"Iran, Islamic Republic of ",loose,114.63909149169922,0.641346275806427
Iraq,investment,88.86854553222656,0.3875449299812317
Iraq,debt,85.41693115234375,0.3610433340072632
Iraq,win,80.97695922851562,0.3212697505950928
Iraq,loose,40.82269287109375,0.08023214340209961
Ireland,investment,91.78892517089844,0.4161416292190552
Ireland,debt,87.5778579711914,0.38209980726242065
Ireland,win,86.25984954833984,0.36694931983947754
Ireland,loose,70.75016784667969,0.24248647689819336
Israel,investment,91.3690414428711,0.41292381286621094
Israel,debt,91.60224914550781,0.41864120960235596
Israel,win,79.07125854492188,0.30876749753952026
Israel,loose,67.78186798095703,0.22285550832748413
Italy,investment,93.07713317871094,0.4299159646034241
Italy,debt,86.06480407714844,0.37078535556793213
Italy,win,88.60301208496094,0.3889726400375366
Italy,loose,78.05624389648438,0.2964719533920288
Jamaica,investment,226.67959594726562,0.6027500629425049
Jamaica,debt,225.38333129882812,0.5908521413803101
Jamaica,win,223.1816864013672,0.570970356464386
Jamaica,loose,231.5821533203125,0.6470752358436584
Japan,investment,90.05854797363281,0.4011688828468323
Japan,debt,85.4659194946289,0.3644176721572876
Japan,win,93.207763671875,0.42905616760253906
Japan,loose,89.86168670654297,0.3917439579963684
Jordan,investment,99.56128692626953,0.49698424339294434
Jordan,debt,99.45551300048828,0.5003809928894043
Jordan,win,84.91532135009766,0.36094117164611816
Jordan,loose,75.43236541748047,0.27952998876571655
Kazakhstan,investment,296.6308898925781,0.6074934601783752
Kazakhstan,debt,292.3523254394531,0.5672324895858765
Kazakhstan,win,299.9651794433594,0.6384934186935425
Kazakhstan,loose,303.9623107910156,0.6761192083358765
Kenya,investment,163.8245391845703,0.6369444727897644
Kenya,debt,161.96742248535156,0.6210881471633911
Kenya,win,150.77503967285156,0.5168984532356262
Kenya,loose,157.23646545410156,0.571993350982666
Kiribati,investment,222.78555297851562,0.6032928228378296
Kiribati,debt,227.28184509277344,0.6454389095306396
Kiribati,win,213.83270263671875,0.5229463577270508
Kiribati,loose,220.84707641601562,0.5855522751808167
"Korea, Democratic People's Republic of ",investment,113.6927490234375,0.6457234621047974
"Korea, Democratic People's Republic of ",debt,110.11963653564453,0.6111778616905212
"Korea, Democratic People's Republic of ",win,112.68605041503906,0.6333401203155518
"Korea, Democratic People's Republic of ",loose,118.12623596191406,0.6835054159164429
"Korea, Republic of ",investment,113.15128326416016,0.6368478536605835
"Korea, Republic of ",debt,109.57292938232422,0.6024935245513916
"Korea, Republic of ",win,111.95110321044922,0.6224347352981567
"Korea, Republic of ",loose,115.79841613769531,0.6540924310684204
Kuwait,investment,150.1354522705078,0.46663331985473633
Kuwait,debt,150.39710998535156,0.4691235423088074
Kuwait,win,150.7347412109375,0.471652626991272
Kuwait,loose,155.1308135986328,0.5080463886260986
Kyrgyzstan,investment,282.089111328125,0.5388083457946777
Kyrgyzstan,debt,283.28790283203125,0.5483995676040649
Kyrgyzstan,win,276.3645935058594,0.48825085163116455
Kyrgyzstan,loose,277.0184631347656,0.49723219871520996
Lao People's Democratic Republic,investment,110.97915649414062,0.6909743547439575
Lao People's Democratic Republic,debt,111.0508804321289,0.6992766261100769
Lao People's Democratic Republic,win,105.94224548339844,0.6277248859405518
Lao People's Democratic Republic,loose,113.24108123779297,0.7031320333480835
Latvia,investment,160.11424255371094,0.5775798559188843
Latvia,debt,152.646728515625,0.511367917060852
Latvia,win,145.6011199951172,0.4503457546234131
Latvia,loose,151.60275268554688,0.49995338916778564
Lebanon,investment,228.52310180664062,0.6748248338699341
Lebanon,debt,225.13587951660156,0.6434354782104492
Lebanon,win,218.386962890625,0.5807805061340332
Lebanon,loose,222.25726318359375,0.6154855489730835
Lesotho,investment,216.88345336914062,0.6483404636383057
Lesotho,debt,217.678955078125,0.656606912612915
Lesotho,win,206.3130645751953,0.5515663623809814
Lesotho,loose,208.9846954345703,0.5752921104431152
Liberia,investment,156.87411499023438,0.553895890712738
Liberia,debt,151.8103485107422,0.5096343755722046
Liberia,win,148.16769409179688,0.4773321747779846
Liberia,loose,148.99302673339844,0.48319071531295776
Libya,investment,91.37855529785156,0.41351407766342163
Libya,debt,87.20793914794922,0.37989962100982666
Libya,win,85.23851776123047,0.359252393245697
Libya,loose,72.2729721069336,0.2536640167236328
Lithuania,investment,291.7010192871094,0.671730637550354
Lithuania,debt,291.19085693359375,0.666828989982605
Lithuania,win,290.275634765625,0.6583423614501953
Lithuania,loose,294.638427734375,0.6990675330162048
Liechtenstein,investment,294.40374755859375,0.7183558344841003
Liechtenstein,debt,301.2862854003906,0.7861509323120117
Liechtenstein,win,286.1026306152344,0.6398873329162598
Liechtenstein,loose,298.095458984375,0.7523924112319946
Luxembourg,investment,92.27932739257812,0.41913294792175293
Luxembourg,debt,88.11823272705078,0.38544803857803345
Luxembourg,win,85.84693908691406,0.3621763586997986
Luxembourg,loose,55.686424255371094,0.14972025156021118
Madagascar,investment,284.0390625,0.6905627250671387
Madagascar,debt,278.6932678222656,0.6400155425071716
Madagascar,win,274.25018310546875,0.5992591381072998
Madagascar,loose,279.2831726074219,0.6460530757904053
Malawi,investment,157.2156982421875,0.5369089841842651
Malawi,debt,159.2079620361328,0.5558639764785767
Malawi,win,142.8522186279297,0.4147360324859619
Malawi,loose,147.2867431640625,0.4507078528404236
Malaysia,investment,90.2908706665039,0.4039955735206604
Malaysia,debt,86.2829818725586,0.37213391065597534
Malaysia,win,84.87239074707031,0.35640835762023926
Malaysia,loose,75.9045639038086,0.2799786925315857
Maldives,investment,217.05599975585938,0.5659595727920532
Maldives,debt,214.68954467773438,0.5444055795669556
Maldives,win,210.1839599609375,0.5052133798599243
Maldives,loose,211.35125732421875,0.5165356993675232
Mali,investment,159.3515167236328,0.6272844076156616
Mali,debt,161.80328369140625,0.6530895233154297
Mali,win,147.6374053955078,0.519415557384491
Mali,loose,150.22463989257812,0.5398306846618652
Malta,investment,160.801513671875,0.6448578238487244
Malta,debt,160.07859802246094,0.6400187015533447
Malta,win,149.4921417236328,0.5392603874206543
Malta,loose,152.42135620117188,0.5627095699310303
Marshall Islands,investment,111.50846862792969,0.6192135810852051
Marshall Islands,debt,110.26183319091797,0.6108189821243286
Marshall Islands,win,106.33625793457031,0.5622204542160034
Marshall Islands,loose,108.75151062011719,0.5775424242019653
Martinique,investment,157.99574279785156,0.62711101770401
Martinique,debt,156.0259552001953,0.6103048324584961
Martinique,win,144.43936157226562,0.5029456615447998
Martinique,loose,147.9993438720703,0.531792163848877
Mauritania,investment,225.08489990234375,0.6051546931266785
Mauritania,debt,224.8829803466797,0.6033939123153687
Mauritania,win,223.89915466308594,0.594295859336853
Mauritania,loose,230.1946563720703,0.651332676410675
Mauritius,investment,215.21926879882812,0.5488075017929077
Mauritius,debt,218.249755859375,0.5759397149085999
Mauritius,win,217.36962890625,0.5681116580963135
Mauritius,loose,218.9434814453125,0.5822824239730835
Mayotte,investment,155.4656524658203,0.5847039222717285
Mayotte,debt,155.74073791503906,0.5888874530792236
Mayotte,win,144.48377990722656,0.486402690410614
Mayotte,loose,142.33056640625,0.4667629599571228
Mexico,investment,94.2137451171875,0.4445345997810364
Mexico,debt,84.98906707763672,0.3649832606315613
Mexico,win,90.88487243652344,0.41301876306533813
Mexico,loose,91.06220245361328,0.40707600116729736
"Micronesia, Federated States of ",investment,101.40451049804688,0.6231493949890137
"Micronesia, Federated States of ",debt,101.60800170898438,0.6337612867355347
"Micronesia, Federated States of ",win,102.18183135986328,0.6317646503448486
"Micronesia, Federated States of ",loose,105.72406005859375,0.6614402532577515
Monaco,investment,159.84286499023438,0.5683913230895996
Monaco,debt,160.4388885498047,0.575118899345398
Monaco,win,146.41412353515625,0.45105433464050293
Monaco,loose,153.51812744140625,0.5101546049118042
Mongolia,investment,214.2638397216797,0.5986817479133606
Mongolia,debt,214.014892578125,0.5966079831123352
Mongolia,win,208.56796264648438,0.5472816228866577
Mongolia,loose,210.05706787109375,0.5606931447982788
Montenegro,investment,224.4601287841797,0.6479443311691284
Montenegro,debt,230.47947692871094,0.7062073945999146
Montenegro,win,223.2722930908203,0.6367538571357727
Montenegro,loose,226.2678680419922,0.6632785201072693
Morocco,investment,224.2286376953125,0.6335705518722534
Morocco,debt,225.59190368652344,0.6468387842178345
Morocco,win,219.7582550048828,0.5923676490783691
Morocco,loose,222.37693786621094,0.6157097816467285
Mozambique,investment,232.06253051757812,0.6876688003540039
Mozambique,debt,231.5963897705078,0.6840640902519226
Mozambique,win,229.24752807617188,0.6608594655990601
Mozambique,loose,239.43678283691406,0.7557861804962158
Myanmar,investment,206.4639892578125,0.6552646160125732
Myanmar,debt,202.90013122558594,0.622599184513092
Myanmar,win,199.23092651367188,0.588074803352356
Myanmar,loose,201.6988067626953,0.609366774559021
Namibia,investment,162.4957733154297,0.5443166494369507
Namibia,debt,161.1111297607422,0.5327150821685791
Namibia,win,154.7955780029297,0.4770447611808777
Namibia,loose,164.1036376953125,0.5565494298934937
Nauru,investment,156.2988739013672,0.5614415407180786
Nauru,debt,156.53216552734375,0.5648555755615234
Nauru,win,136.49362182617188,0.39282435178756714
Nauru,loose,137.94027709960938,0.40446633100509644
Nepal,investment,151.83456420898438,0.5412601828575134
Nepal,debt,147.1814422607422,0.5009446144104004
Nepal,win,142.23147583007812,0.457716703414917
Nepal,loose,142.92474365234375,0.4624531865119934
Netherlands,investment,91.79700469970703,0.4161386489868164
Netherlands,debt,88.60059356689453,0.3910069465637207
Netherlands,win,81.63526153564453,0.3285943269729614
Netherlands,loose,62.38720703125,0.18850648403167725
Netherlands Antilles,investment,109.65570831298828,0.5948948860168457
Netherlands Antilles,debt,106.85932159423828,0.5698910355567932
Netherlands Antilles,win,106.3151626586914,0.5583336353302002
Netherlands Antilles,loose,106.25524139404297,0.5478456020355225
New Caledonia,investment,110.78016662597656,0.6104893088340759
New Caledonia,debt,104.899169921875,0.5522345304489136
New Caledonia,win,106.1583023071289,0.5597348213195801
New Caledonia,loose,110.60160064697266,0.5967388153076172
New Zealand,investment,118.78380584716797,0.7097958326339722
New Zealand,debt,115.03753662109375,0.6717325448989868
New Zealand,win,113.52449798583984,0.6472982168197632
New Zealand,loose,121.17398071289062,0.7241566181182861
Nicaragua,investment,229.79388427734375,0.6302420496940613
Nicaragua,debt,231.3208465576172,0.6448982954025269
Nicaragua,win,229.96142578125,0.6317403316497803
Nicaragua,loose,234.17733764648438,0.6698001623153687
Niger,investment,158.9290313720703,0.5735994577407837
Niger,debt,160.284423828125,0.5875134468078613
Niger,win,148.50721740722656,0.4811705946922302
Niger,loose,154.2235107421875,0.5289417505264282
Nigeria,investment,89.45510864257812,0.3973623514175415
Nigeria,debt,88.3020248413086,0.3905754089355469
Nigeria,win,81.60067749023438,0.33013200759887695
Nigeria,loose,63.27290344238281,0.1948869824409485
Norway,investment,93.69971466064453,0.43485569953918457
Norway,debt,90.04485321044922,0.40508949756622314
Norway,win,81.6875228881836,0.32999199628829956
Norway,loose,64.46957397460938,0.201857328414917
Oman,investment,157.83946228027344,0.5921573638916016
Oman,debt,157.25303649902344,0.5882799625396729
Oman,win,145.10873413085938,0.47841888666152954
Oman,loose,146.92385864257812,0.49241167306900024
Pakistan,investment,92.0299301147461,0.41574186086654663
Pakistan,debt,90.33663177490234,0.40399104356765747
Pakistan,win,86.52484130859375,0.36692386865615845
Pakistan,loose,77.13701629638672,0.28656041622161865
Palau,investment,156.66433715820312,0.5840564966201782
Palau,debt,153.5063934326172,0.5564298629760742
Palau,win,138.76560974121094,0.4278913140296936
Palau,loose,146.32176208496094,0.48982053995132446
"Palestinian Territory, Occupied ",investment,103.41316223144531,0.6306675672531128
"Palestinian Territory, Occupied ",debt,104.27217864990234,0.6491848230361938
"Palestinian Territory, Occupied ",win,108.63606262207031,0.6965803503990173
"Palestinian Territory, Occupied ",loose,112.95382690429688,0.7373056411743164
Panama,investment,87.57967376708984,0.3781467080116272
Panama,debt,87.89114379882812,0.38411372900009155
Panama,win,82.65120697021484,0.33626556396484375
Panama,loose,45.49052810668945,0.10005640983581543
Papua New Guinea,investment,113.78412628173828,0.7545123100280762
Papua New Guinea,debt,109.00794982910156,0.6990976929664612
Papua New Guinea,win,112.91989135742188,0.7413908243179321
Papua New Guinea,loose,117.67475891113281,0.7886965870857239
Paraguay,investment,218.682861328125,0.5139064788818359
Paraguay,debt,217.96075439453125,0.5067577362060547
Paraguay,win,219.90451049804688,0.5247639417648315
Paraguay,loose,222.04193115234375,0.5445562601089478
Peru,investment,94.33035278320312,0.43791985511779785
Peru,debt,90.76178741455078,0.40888363122940063
Peru,win,89.15530395507812,0.39058488607406616
Peru,loose,81.21215057373047,0.31842041015625
Philippines,investment,89.9485855102539,0.39914029836654663
Philippines,debt,90.69596099853516,0.40930306911468506
Philippines,win,87.33897399902344,0.3757384419441223
Philippines,loose,74.8743667602539,0.27127909660339355
Poland,investment,94.02955627441406,0.43769073486328125
Poland,debt,82.53738403320312,0.3401506543159485
Poland,win,91.29666900634766,0.4119800925254822
Poland,loose,71.13618469238281,0.24565744400024414
Portugal,investment,89.15011596679688,0.39267396926879883
Portugal,debt,84.66680908203125,0.3572194576263428
Portugal,win,82.09715270996094,0.3324846029281616
Portugal,loose,57.87554168701172,0.16229379177093506
Puerto Rico,investment,95.64075469970703,0.45797473192214966
Puerto Rico,debt,92.85841369628906,0.43557947874069214
Puerto Rico,win,100.8749771118164,0.5086690187454224
Puerto Rico,loose,102.78485107421875,0.5185645222663879
Qatar,investment,92.43702697753906,0.41949260234832764
Qatar,debt,91.65609741210938,0.41595202684402466
Qatar,win,81.33596801757812,0.32427239418029785
Qatar,loose,78.45367431640625,0.2964695692062378
Republic of Moldova,investment,104.16342163085938,0.5282758474349976
Republic of Moldova,debt,105.3983383178711,0.5454832315444946
Republic of Moldova,win,105.64446258544922,0.5425962209701538
Republic of Moldova,loose,103.52360534667969,0.5120782852172852
Réunion,investment,217.0573272705078,0.5719927549362183
Réunion,debt,215.1279296875,0.5543807148933411
Réunion,win,210.79519653320312,0.5163799524307251
Réunion,loose,213.15850830078125,0.5379140377044678
Romania,investment,91.53697967529297,0.4124746322631836
Romania,debt,88.38450622558594,0.3878398537635803
Romania,win,86.43653106689453,0.3672218918800354
Romania,loose,60.53980255126953,0.17698270082473755
Russian Federation,investment,101.8637924194336,0.5163815021514893
Russian Federation,debt,100.20860290527344,0.5041558742523193
Russian Federation,win,109.82901000976562,0.5993568897247314
Russian Federation,loose,108.10023498535156,0.5702712535858154
Rwanda,investment,151.9972686767578,0.5372135639190674
Rwanda,debt,149.7692108154297,0.518368661403656
Rwanda,win,142.01968383789062,0.4508315324783325
Rwanda,loose,137.27706909179688,0.41177666187286377
Saint Kitts and Nevis,investment,108.41484069824219,0.6873118877410889
Saint Kitts and Nevis,debt,106.30362701416016,0.6678274869918823
Saint Kitts and Nevis,win,100.38504791259766,0.5856338739395142
Saint Kitts and Nevis,loose,108.61534881591797,0.6726387143135071
Saint Lucia,investment,108.83856201171875,0.7020083665847778
Saint Lucia,debt,108.08812713623047,0.7002317309379578
Saint Lucia,win,97.92780303955078,0.5632301568984985
Saint Lucia,loose,109.81301879882812,0.6968269348144531
Saint Vincent and the Grenadines,investment,111.70135498046875,0.727247953414917
Saint Vincent and the Grenadines,debt,111.22358703613281,0.7290581464767456
Saint Vincent and the Grenadines,win,106.04370880126953,0.6525598764419556
Saint Vincent and the Grenadines,loose,115.53375244140625,0.7602564096450806
Samoa,investment,162.05320739746094,0.6464170217514038
Samoa,debt,164.53768920898438,0.6729639768600464
Samoa,win,148.60362243652344,0.5217682123184204
Samoa,loose,152.56643676757812,0.5544344782829285
San Marino,investment,113.5292739868164,0.6492400169372559
San Marino,debt,113.99048614501953,0.6604427099227905
San Marino,win,106.55252075195312,0.5709763169288635
San Marino,loose,110.07083892822266,0.5982222557067871
Sao Tome and Principe,investment,109.91807556152344,0.7023113369941711
Sao Tome and Principe,debt,110.17780303955078,0.7136949300765991
Sao Tome and Principe,win,107.62410736083984,0.6713166832923889
Sao Tome and Principe,loose,113.5828857421875,0.7327097058296204
Saudi Arabia,investment,107.4433364868164,0.5827928185462952
Saudi Arabia,debt,104.82596588134766,0.5597833395004272
Saudi Arabia,win,103.52096557617188,0.5401438474655151
Saudi Arabia,loose,113.17559051513672,0.633842945098877
Senegal,investment,212.21592712402344,0.6196225881576538
Senegal,debt,214.56939697265625,0.6422119140625
Senegal,win,202.15869140625,0.5288044214248657
Senegal,loose,211.35121154785156,0.6106207370758057
Serbia,investment,157.6722412109375,0.537666916847229
Serbia,debt,157.16502380371094,0.5340256690979004
Serbia,win,149.62489318847656,0.4676772356033325
Serbia,loose,156.96697998046875,0.5294028520584106
Seychelles,investment,284.8828430175781,0.6275428533554077
Seychelles,debt,285.56964111328125,0.6335572004318237
Seychelles,win,277.6625671386719,0.5615576505661011
Seychelles,loose,281.195556640625,0.5950123071670532
Sierra Leone,investment,114.82970428466797,0.6574968099594116
Sierra Leone,debt,117.3876953125,0.6932332515716553
Sierra Leone,win,111.9414291381836,0.6238561868667603
Sierra Leone,loose,114.53120422363281,0.6413807272911072
Singapore,investment,88.41387176513672,0.3866269588470459
Singapore,debt,86.0732421875,0.369596004486084
Singapore,win,88.93405151367188,0.3905884623527527
Singapore,loose,76.98152923583984,0.2874608039855957
Slovakia,investment,227.49517822265625,0.5501940250396729
Slovakia,debt,221.10157775878906,0.4928274154663086
Slovakia,win,230.3529510498047,0.5759447813034058
Slovakia,loose,234.48965454101562,0.6134554147720337
Slovenia,investment,159.71388244628906,0.5519037246704102
Slovenia,debt,153.0250244140625,0.4934271574020386
Slovenia,win,163.43048095703125,0.5855255126953125
Slovenia,loose,162.94989013671875,0.5784299969673157
Solomon Islands,investment,109.29264831542969,0.6776643991470337
Solomon Islands,debt,108.18170928955078,0.6710398197174072
Solomon Islands,win,104.54832458496094,0.6180111169815063
Solomon Islands,loose,108.58586120605469,0.652812123298645
Somalia,investment,219.5887908935547,0.5432580709457397
Somalia,debt,224.02041625976562,0.5829848051071167
Somalia,win,214.8692626953125,0.501850962638855
Somalia,loose,221.3005828857422,0.5591497421264648
South Africa,investment,108.30561828613281,0.5913933515548706
South Africa,debt,102.38982391357422,0.5333414673805237
South Africa,win,112.34143829345703,0.6352770924568176
South Africa,loose,112.75389862060547,0.628307580947876
South Sudan,investment,104.727294921875,0.5454956293106079
South Sudan,debt,107.27562713623047,0.577431321144104
South Sudan,win,101.33991241455078,0.5099802017211914
South Sudan,loose,100.54486083984375,0.49303877353668213
Spain,investment,96.09174346923828,0.4571259021759033
Spain,debt,84.47254180908203,0.3563145399093628
Spain,win,86.51273345947266,0.36995434761047363
Spain,loose,81.69864654541016,0.3240641951560974
Sri Lanka,investment,117.56967163085938,0.7045937776565552
Sri Lanka,debt,114.67097473144531,0.6764341592788696
Sri Lanka,win,117.26530456542969,0.6998133063316345
Sri Lanka,loose,116.7259292602539,0.680600643157959
Sudan,investment,157.2926025390625,0.5308096408843994
Sudan,debt,164.28173828125,0.5956085324287415
Sudan,win,149.4646759033203,0.4630376100540161
Sudan,loose,150.5226593017578,0.4712117314338684
Suriname,investment,223.9805450439453,0.6474186778068542
Suriname,debt,227.41513061523438,0.6807214021682739
Suriname,win,218.7040252685547,0.5985288619995117
Suriname,loose,225.27455139160156,0.657989501953125
Swaziland,investment,223.73985290527344,0.6814574599266052
Swaziland,debt,226.02003479003906,0.7044477462768555
Swaziland,win,212.88104248046875,0.5804771780967712
Swaziland,loose,218.99717712402344,0.6354424953460693
Sweden,investment,92.07855224609375,0.4208223223686218
Sweden,debt,88.22893524169922,0.3897494077682495
Sweden,win,83.8824234008789,0.34869635105133057
Sweden,loose,68.81147003173828,0.2304229736328125
Switzerland,investment,96.43392944335938,0.4612552523612976
Switzerland,debt,86.39578247070312,0.3734518885612488
Switzerland,win,86.5239028930664,0.3707466125488281
Switzerland,loose,73.92033386230469,0.26575160026550293
Syrian Arab Republic,investment,104.11955261230469,0.6222792863845825
Syrian Arab Republic,debt,103.79576110839844,0.6253979206085205
Syrian Arab Republic,win,100.12489318847656,0.5732907652854919
Syrian Arab Republic,loose,105.9758529663086,0.6292170882225037
Taiwan,investment,90.77899169921875,0.40525907278060913
Taiwan,debt,88.02847290039062,0.38431984186172485
Taiwan,win,90.57624816894531,0.4028382897377014
Taiwan,loose,83.0635757446289,0.3328697681427002
Tajikistan,investment,299.65972900390625,0.6925761699676514
Tajikistan,debt,300.11456298828125,0.6970230937004089
Tajikistan,win,286.31085205078125,0.5686990022659302
Tajikistan,loose,291.19287109375,0.6144937872886658
"Tanzania, United Republic of ",investment,108.64300537109375,0.6874330043792725
"Tanzania, United Republic of ",debt,106.72254180908203,0.6704275608062744
"Tanzania, United Republic of ",win,107.59095764160156,0.6725152134895325
"Tanzania, United Republic of ",loose,115.71125030517578,0.7630022168159485
Thailand,investment,91.73715209960938,0.4162379503250122
Thailand,debt,87.36195373535156,0.38074785470962524
Thailand,win,84.65930938720703,0.3539378046989441
Thailand,loose,67.52287292480469,0.22114533185958862
The former Yugoslav Republic of Macedonia,investment,108.98574829101562,0.7592939734458923
The former Yugoslav Republic of Macedonia,debt,106.85535430908203,0.7377549409866333
The former Yugoslav Republic of Macedonia,win,110.64952850341797,0.7823408842086792
The former Yugoslav Republic of Macedonia,loose,111.4290542602539,0.7734687924385071
Timor-Leste,investment,112.77274322509766,0.7599730491638184
Timor-Leste,debt,107.73812866210938,0.6999529600143433
Timor-Leste,win,101.30329132080078,0.6076911687850952
Timor-Leste,loose,104.45264434814453,0.6317489147186279
Togo,investment,144.2950439453125,0.44970279932022095
Togo,debt,146.29759216308594,0.4669213891029358
Togo,win,131.2018280029297,0.345514714717865
Togo,loose,130.45936584472656,0.34121328592300415
Tonga,investment,149.39498901367188,0.4890328049659729
Tonga,debt,150.63133239746094,0.5003958940505981
Tonga,win,137.71788024902344,0.39244896173477173
Tonga,loose,142.55332946777344,0.43117815256118774
Trinidad and Tobago,investment,114.24212646484375,0.653127908706665
Trinidad and Tobago,debt,107.73491668701172,0.5860385894775391
Trinidad and Tobago,win,113.75499725341797,0.6465476751327515
Trinidad and Tobago,loose,115.41764831542969,0.6536262035369873
Tunisia,investment,155.5247344970703,0.5042383074760437
Tunisia,debt,152.3846435546875,0.47751694917678833
Tunisia,win,150.88705444335938,0.4644591808319092
Tunisia,loose,152.2598419189453,0.47532832622528076
Turkey,investment,90.63159942626953,0.3996221423149109
Turkey,debt,88.68744659423828,0.38582563400268555
Turkey,win,76.5210952758789,0.28437912464141846
Turkey,loose,59.07167053222656,0.16662544012069702
Turkmenistan,investment,279.6085205078125,0.6237713098526001
Turkmenistan,debt,275.6842956542969,0.5869373679161072
Turkmenistan,win,279.18695068359375,0.6199435591697693
Turkmenistan,loose,279.8665771484375,0.6268997192382812
Tuvalu,investment,220.9520721435547,0.6498615741729736
Tuvalu,debt,221.10028076171875,0.6519273519515991
Tuvalu,win,209.3223114013672,0.5436208248138428
Tuvalu,loose,215.36753845214844,0.5975680351257324
Uganda,investment,218.66685485839844,0.5280406475067139
Uganda,debt,221.57420349121094,0.5535006523132324
Uganda,win,214.6145782470703,0.4927462935447693
Uganda,loose,220.15646362304688,0.5421974658966064
Ukraine,investment,85.1909408569336,0.35512280464172363
Ukraine,debt,86.23146057128906,0.3669116497039795
Ukraine,win,79.9215087890625,0.31206637620925903
Ukraine,loose,46.78620910644531,0.1051105260848999
United Arab Emirates,investment,112.84659576416016,0.6388537883758545
United Arab Emirates,debt,111.61717987060547,0.630623996257782
United Arab Emirates,win,111.2977066040039,0.6204512119293213
United Arab Emirates,loose,116.73973083496094,0.6703082323074341
United Kingdom,investment,105.02369689941406,0.5497018694877625
United Kingdom,debt,104.15338897705078,0.5454281568527222
United Kingdom,win,107.45638275146484,0.5745599269866943
United Kingdom,loose,111.90760040283203,0.6120072603225708
United States,investment,104.65943908691406,0.5535132884979248
United States,debt,102.18936157226562,0.5324994921684265
United States,win,108.27670288085938,0.591490626335144
United States,loose,110.24424743652344,0.6019717454910278
Uruguay,investment,219.9169921875,0.5825270414352417
Uruguay,debt,217.47219848632812,0.5602129697799683
Uruguay,win,220.4986114501953,0.587810218334198
Uruguay,loose,226.84951782226562,0.6452112793922424
Uzbekistan,investment,335.3979797363281,0.6100574135780334
Uzbekistan,debt,328.6387023925781,0.5464738607406616
Uzbekistan,win,337.3119812011719,0.6279925107955933
Uzbekistan,loose,338.2360534667969,0.6380730867385864
Vanuatu,investment,234.88600158691406,0.7030669450759888
Vanuatu,debt,235.28428649902344,0.7079256772994995
Vanuatu,win,215.9068603515625,0.5282502174377441
Vanuatu,loose,225.2691650390625,0.6120902299880981
Venezuela,investment,91.15364837646484,0.4145359396934509
Venezuela,debt,81.00137329101562,0.33023601770401
Venezuela,win,92.06144714355469,0.42216891050338745
Venezuela,loose,82.45980834960938,0.3325487971305847
Viet Nam,investment,107.97156524658203,0.7097708582878113
Viet Nam,debt,106.80998229980469,0.7025575637817383
Viet Nam,win,98.06282043457031,0.5791168212890625
Viet Nam,loose,104.57052612304688,0.6458664536476135
Virgin Islands,investment,101.90756225585938,0.5172752141952515
Virgin Islands,debt,96.78289794921875,0.4706882834434509
Virgin Islands,win,102.97699737548828,0.5273614525794983
Virgin Islands,loose,102.84732818603516,0.5166144371032715
Western Sahara,investment,104.26004791259766,0.5377804040908813
Western Sahara,debt,96.26119232177734,0.4624210596084595
Western Sahara,win,98.84027862548828,0.48257261514663696
Western Sahara,loose,95.98573303222656,0.4470475912094116
Yemen,investment,161.31407165527344,0.586021900177002
Yemen,debt,157.08224487304688,0.5485336780548096
Yemen,win,149.33676147460938,0.47948259115219116
Yemen,loose,152.86965942382812,0.5084043741226196
Zambia,investment,211.85342407226562,0.5231743454933167
Zambia,debt,215.3220977783203,0.5536670684814453
Zambia,win,205.57630920410156,0.4689320921897888
Zambia,loose,212.47084045410156,0.5295907258987427
Zimbabwe,investment,293.8035583496094,0.659687876701355
Zimbabwe,debt,291.8243408203125,0.6408010125160217
Zimbabwe,win,285.7459411621094,0.5851804614067078
Zimbabwe,loose,295.5013427734375,0.6756962537765503
